timestamp;value;unit;mode;current;operation;peak;battery_low;relative;hold
2017-04-29 19:16:45.060768;;W;resistance;;overload;;0;0;0
2017-04-29 19:16:45.560826;;W;resistance;;overload;;0;0;0
2017-04-29 19:16:46.060834;;W;resistance;;overload;;0;0;0
2017-04-29 19:16:46.560821;;W;resistance;;overload;;0;0;0
2017-04-29 19:16:47.060831;;W;resistance;;overload;;0;0;0
2017-04-29 19:16:47.560845;;W;resistance;;overload;;0;0;0
2017-04-29 19:16:48.060852;;W;resistance;;overload;;0;0;0
2017-04-29 19:16:48.560857;;W;resistance;;overload;;0;0;0
2017-04-29 19:16:49.060866;;W;resistance;;overload;;0;0;0
2017-04-29 19:16:49.560872;;W;resistance;;overload;;0;0;0
2017-04-29 19:16:50.060841;;W;resistance;;overload;;0;0;0
2017-04-29 19:16:50.560851;;W;resistance;;overload;;0;0;0
2017-04-29 19:16:51.060937;;W;resistance;;overload;;0;0;0
2017-04-29 19:16:51.561055;;W;resistance;;overload;;0;0;0
2017-04-29 19:16:52.061049;;W;resistance;;overload;;0;0;0
2017-04-29 19:16:52.561062;;W;resistance;;overload;;0;0;0
2017-04-29 19:16:53.061071;;W;resistance;;overload;;0;0;0
2017-04-29 19:16:53.561086;;W;resistance;;overload;;0;0;0
2017-04-29 19:16:54.061091;;W;resistance;;overload;;0;0;0
2017-04-29 19:16:54.561120;;W;resistance;;overload;;0;0;0
2017-04-29 19:16:55.061116;2181.0;W;resistance;;normal;;0;0;0
2017-04-29 19:16:55.561136;15901.0;W;resistance;;normal;;0;0;0
2017-04-29 19:16:56.061131;9754.0;W;resistance;;normal;;0;0;0
2017-04-29 19:16:56.561161;9754.0;W;resistance;;normal;;0;0;0
2017-04-29 19:16:57.061095;9754.0;W;resistance;;normal;;0;0;0
2017-04-29 19:16:57.561166;9754.0;W;resistance;;normal;;0;0;0
2017-04-29 19:16:58.061171;9755.0;W;resistance;;normal;;0;0;0
2017-04-29 19:16:58.561199;9755.0;W;resistance;;normal;;0;0;0
2017-04-29 19:16:59.061123;9755.0;W;resistance;;normal;;0;0;0
2017-04-29 19:16:59.561087;9755.0;W;resistance;;normal;;0;0;0
2017-04-29 19:17:00.061146;9756.0;W;resistance;;normal;;0;0;0
2017-04-29 19:17:00.561124;9756.0;W;resistance;;normal;;0;0;0
2017-04-29 19:17:01.061115;9756.0;W;resistance;;normal;;0;0;0
2017-04-29 19:17:01.561207;9756.0;W;resistance;;normal;;0;0;0
2017-04-29 19:17:02.061197;9756.0;W;resistance;;normal;;0;0;0
2017-04-29 19:17:02.561228;9756.0;W;resistance;;normal;;0;0;0
2017-04-29 19:17:03.061165;9757.0;W;resistance;;normal;;0;0;0
2017-04-29 19:17:03.561193;9757.0;W;resistance;;normal;;0;0;0
2017-04-29 19:17:04.061247;9757.0;W;resistance;;normal;;0;0;0
2017-04-29 19:17:04.561239;9757.0;W;resistance;;normal;;0;0;0
2017-04-29 19:17:05.061252;9757.0;W;resistance;;normal;;0;0;0
2017-04-29 19:17:05.561229;9757.0;W;resistance;;normal;;0;0;0
2017-04-29 19:17:06.061265;9757.0;W;resistance;;normal;;0;0;0
2017-04-29 19:17:06.561310;9757.0;W;resistance;;normal;;0;0;0
2017-04-29 19:17:07.061376;9757.0;W;resistance;;normal;;0;0;0
2017-04-29 19:17:07.561369;9757.0;W;resistance;;normal;;0;0;0
2017-04-29 19:17:08.061273;9758.0;W;resistance;;normal;;0;0;0
2017-04-29 19:17:08.561324;9758.0;W;resistance;;normal;;0;0;0
2017-04-29 19:17:09.061330;9758.0;W;resistance;;normal;;0;0;0
2017-04-29 19:17:09.561356;9758.0;W;resistance;;normal;;0;0;0
2017-04-29 19:17:10.061362;9758.0;W;resistance;;normal;;0;0;0
2017-04-29 19:17:10.561321;9758.0;W;resistance;;normal;;0;0;0
2017-04-29 19:17:11.061333;9758.0;W;resistance;;normal;;0;0;0
2017-04-29 19:17:11.561389;9758.0;W;resistance;;normal;;0;0;0
2017-04-29 19:17:12.061379;9758.0;W;resistance;;normal;;0;0;0
2017-04-29 19:17:12.561341;9758.0;W;resistance;;normal;;0;0;0
2017-04-29 19:17:13.061348;9758.0;W;resistance;;normal;;0;0;0
2017-04-29 19:17:13.561450;9758.0;W;resistance;;normal;;0;0;0
2017-04-29 19:17:14.061377;9758.0;W;resistance;;normal;;0;0;0
2017-04-29 19:17:14.561463;9758.0;W;resistance;;normal;;0;0;0
2017-04-29 19:17:15.061395;9758.0;W;resistance;;normal;;0;0;0
2017-04-29 19:17:15.561430;9758.0;W;resistance;;normal;;0;0;0
2017-04-29 19:17:16.061421;9758.0;W;resistance;;normal;;0;0;0
2017-04-29 19:17:16.561452;9758.0;W;resistance;;normal;;0;0;0
2017-04-29 19:17:17.061441;9758.0;W;resistance;;normal;;0;0;0
2017-04-29 19:17:17.561590;9758.0;W;resistance;;normal;;0;0;0
2017-04-29 19:17:18.061666;9758.0;W;resistance;;normal;;0;0;0
2017-04-29 19:17:18.561591;9758.0;W;resistance;;normal;;0;0;0
2017-04-29 19:17:19.061605;9758.0;W;resistance;;normal;;0;0;0
2017-04-29 19:17:19.561614;9758.0;W;resistance;;normal;;0;0;0
2017-04-29 19:17:20.061627;9758.0;W;resistance;;normal;;0;0;0
2017-04-29 19:17:20.561637;9758.0;W;resistance;;normal;;0;0;0
2017-04-29 19:17:21.061645;9758.0;W;resistance;;normal;;0;0;0
2017-04-29 19:17:21.561669;9758.0;W;resistance;;normal;;0;0;0
2017-04-29 19:17:22.061678;9758.0;W;resistance;;normal;;0;0;0
2017-04-29 19:17:22.561759;9758.0;W;resistance;;normal;;0;0;0
2017-04-29 19:17:23.061769;9758.0;W;resistance;;normal;;0;0;0
2017-04-29 19:17:23.561774;9758.0;W;resistance;;normal;;0;0;0
2017-04-29 19:17:24.061707;9758.0;W;resistance;;normal;;0;0;0
2017-04-29 19:17:24.561801;9758.0;W;resistance;;normal;;0;0;0
2017-04-29 19:17:25.061726;9758.0;W;resistance;;normal;;0;0;0
2017-04-29 19:17:25.561833;9758.0;W;resistance;;normal;;0;0;0
2017-04-29 19:17:26.061829;9758.0;W;resistance;;normal;;0;0;0
2017-04-29 19:17:26.561770;9758.0;W;resistance;;normal;;0;0;0
2017-04-29 19:17:27.061860;9758.0;W;resistance;;normal;;0;0;0
2017-04-29 19:17:27.561774;9758.0;W;resistance;;normal;;0;0;0
2017-04-29 19:17:28.061906;9758.0;W;resistance;;normal;;0;0;0
2017-04-29 19:17:28.561867;9758.0;W;resistance;;normal;;0;0;0
2017-04-29 19:17:29.061883;9758.0;W;resistance;;normal;;0;0;0
2017-04-29 19:17:29.561956;9758.0;W;resistance;;normal;;0;0;0
2017-04-29 19:17:30.061880;9759.0;W;resistance;;normal;;0;0;0
2017-04-29 19:17:30.561909;9759.0;W;resistance;;normal;;0;0;0
2017-04-29 19:17:31.061853;9758.0;W;resistance;;normal;;0;0;0
2017-04-29 19:17:31.561881;9758.0;W;resistance;;normal;;0;0;0
2017-04-29 19:17:32.061873;9758.0;W;resistance;;normal;;0;0;0
2017-04-29 19:17:32.562010;9758.0;W;resistance;;normal;;0;0;0
2017-04-29 19:17:33.061963;9759.0;W;resistance;;normal;;0;0;0
2017-04-29 19:17:33.562038;9759.0;W;resistance;;normal;;0;0;0
2017-04-29 19:17:34.062003;9759.0;W;resistance;;normal;;0;0;0
2017-04-29 19:17:34.562039;9759.0;W;resistance;;normal;;0;0;0
2017-04-29 19:17:35.062006;9759.0;W;resistance;;normal;;0;0;0
2017-04-29 19:17:35.561947;9759.0;W;resistance;;normal;;0;0;0
2017-04-29 19:17:36.061973;9758.0;W;resistance;;normal;;0;0;0
2017-04-29 19:17:36.562098;9758.0;W;resistance;;normal;;0;0;0
2017-04-29 19:17:37.062037;9759.0;W;resistance;;normal;;0;0;0
2017-04-29 19:17:37.562041;9759.0;W;resistance;;normal;;0;0;0
2017-04-29 19:17:38.061966;9759.0;W;resistance;;normal;;0;0;0
2017-04-29 19:17:38.562064;9759.0;W;resistance;;normal;;0;0;0
2017-04-29 19:17:39.062076;9759.0;W;resistance;;normal;;0;0;0
2017-04-29 19:17:39.562072;9759.0;W;resistance;;normal;;0;0;0
2017-04-29 19:17:40.062171;9758.0;W;resistance;;normal;;0;0;0
2017-04-29 19:17:40.562063;9758.0;W;resistance;;normal;;0;0;0
2017-04-29 19:17:41.062092;9759.0;W;resistance;;normal;;0;0;0
2017-04-29 19:17:41.562122;9759.0;W;resistance;;normal;;0;0;0
2017-04-29 19:17:42.062131;9759.0;W;resistance;;normal;;0;0;0
2017-04-29 19:17:42.562096;9759.0;W;resistance;;normal;;0;0;0
2017-04-29 19:17:43.062218;9759.0;W;resistance;;normal;;0;0;0
2017-04-29 19:17:43.562116;9759.0;W;resistance;;normal;;0;0;0
2017-04-29 19:17:44.062237;9759.0;W;resistance;;normal;;0;0;0
2017-04-29 19:17:44.562251;9759.0;W;resistance;;normal;;0;0;0
2017-04-29 19:17:45.062262;9759.0;W;resistance;;normal;;0;0;0
2017-04-29 19:17:45.562267;9759.0;W;resistance;;normal;;0;0;0
2017-04-29 19:17:46.062277;9759.0;W;resistance;;normal;;0;0;0
2017-04-29 19:17:46.562309;9759.0;W;resistance;;normal;;0;0;0
2017-04-29 19:17:47.062379;9759.0;W;resistance;;normal;;0;0;0
2017-04-29 19:17:47.562389;9759.0;W;resistance;;normal;;0;0;0
2017-04-29 19:17:48.062404;9759.0;W;resistance;;normal;;0;0;0
2017-04-29 19:17:48.562411;9759.0;W;resistance;;normal;;0;0;0
2017-04-29 19:17:49.062336;9759.0;W;resistance;;normal;;0;0;0
2017-04-29 19:17:49.562364;9759.0;W;resistance;;normal;;0;0;0
2017-04-29 19:17:50.062376;9759.0;W;resistance;;normal;;0;0;0
2017-04-29 19:17:50.562462;9759.0;W;resistance;;normal;;0;0;0
2017-04-29 19:17:51.062379;9758.0;W;resistance;;normal;;0;0;0
2017-04-29 19:17:51.562389;9758.0;W;resistance;;normal;;0;0;0
2017-04-29 19:17:52.062398;9759.0;W;resistance;;normal;;0;0;0
2017-04-29 19:17:52.562416;9759.0;W;resistance;;normal;;0;0;0
2017-04-29 19:17:53.062423;9759.0;W;resistance;;normal;;0;0;0
2017-04-29 19:17:53.562428;9759.0;W;resistance;;normal;;0;0;0
2017-04-29 19:17:54.062438;9759.0;W;resistance;;normal;;0;0;0
2017-04-29 19:17:54.562465;9759.0;W;resistance;;normal;;0;0;0
2017-04-29 19:17:55.062468;9759.0;W;resistance;;normal;;0;0;0
2017-04-29 19:17:55.562487;9759.0;W;resistance;;normal;;0;0;0
2017-04-29 19:17:56.062477;9759.0;W;resistance;;normal;;0;0;0
2017-04-29 19:17:56.562573;9759.0;W;resistance;;normal;;0;0;0
2017-04-29 19:17:57.062481;9759.0;W;resistance;;normal;;0;0;0
2017-04-29 19:17:57.562476;9759.0;W;resistance;;normal;;0;0;0
2017-04-29 19:17:58.062520;9759.0;W;resistance;;normal;;0;0;0
2017-04-29 19:17:58.562528;9759.0;W;resistance;;normal;;0;0;0
2017-04-29 19:17:59.062686;9759.0;W;resistance;;normal;;0;0;0
2017-04-29 19:17:59.562676;9759.0;W;resistance;;normal;;0;0;0
2017-04-29 19:18:00.062682;9759.0;W;resistance;;normal;;0;0;0
2017-04-29 19:18:00.562694;9759.0;W;resistance;;normal;;0;0;0
2017-04-29 19:18:01.062708;9759.0;W;resistance;;normal;;0;0;0
2017-04-29 19:18:01.562836;9759.0;W;resistance;;normal;;0;0;0
2017-04-29 19:18:02.062728;9759.0;W;resistance;;normal;;0;0;0
2017-04-29 19:18:02.562756;9759.0;W;resistance;;normal;;0;0;0
2017-04-29 19:18:03.062819;9759.0;W;resistance;;normal;;0;0;0
2017-04-29 19:18:03.562777;9759.0;W;resistance;;normal;;0;0;0
2017-04-29 19:18:04.062785;9759.0;W;resistance;;normal;;0;0;0
2017-04-29 19:18:04.562900;9759.0;W;resistance;;normal;;0;0;0
2017-04-29 19:18:05.062842;9759.0;W;resistance;;normal;;0;0;0
2017-04-29 19:18:05.562851;9759.0;W;resistance;;normal;;0;0;0
2017-04-29 19:18:06.062829;9759.0;W;resistance;;normal;;0;0;0
2017-04-29 19:18:06.562820;9759.0;W;resistance;;normal;;0;0;0
2017-04-29 19:18:07.062844;9759.0;W;resistance;;normal;;0;0;0
2017-04-29 19:18:07.562865;9759.0;W;resistance;;normal;;0;0;0
2017-04-29 19:18:08.062849;9759.0;W;resistance;;normal;;0;0;0
2017-04-29 19:18:08.562888;9759.0;W;resistance;;normal;;0;0;0
2017-04-29 19:18:09.062868;9759.0;W;resistance;;normal;;0;0;0
2017-04-29 19:18:09.563015;9759.0;W;resistance;;normal;;0;0;0
2017-04-29 19:18:10.062890;9759.0;W;resistance;;normal;;0;0;0
2017-04-29 19:18:10.562974;9759.0;W;resistance;;normal;;0;0;0
2017-04-29 19:18:11.063031;9759.0;W;resistance;;normal;;0;0;0
2017-04-29 19:18:11.562922;9759.0;W;resistance;;normal;;0;0;0
2017-04-29 19:18:12.062979;9759.0;W;resistance;;normal;;0;0;0
2017-04-29 19:18:12.562988;9759.0;W;resistance;;normal;;0;0;0
2017-04-29 19:18:13.063022;9759.0;W;resistance;;normal;;0;0;0
2017-04-29 19:18:13.563010;9759.0;W;resistance;;normal;;0;0;0
2017-04-29 19:18:14.063100;9759.0;W;resistance;;normal;;0;0;0
2017-04-29 19:18:14.563104;9759.0;W;resistance;;normal;;0;0;0
2017-04-29 19:18:15.062991;9759.0;W;resistance;;normal;;0;0;0
2017-04-29 19:18:15.563119;9759.0;W;resistance;;normal;;0;0;0
2017-04-29 19:18:16.063094;9759.0;W;resistance;;normal;;0;0;0
2017-04-29 19:18:16.563160;9759.0;W;resistance;;normal;;0;0;0
2017-04-29 19:18:17.063151;9759.0;W;resistance;;normal;;0;0;0
2017-04-29 19:18:17.563161;9759.0;W;resistance;;normal;;0;0;0
2017-04-29 19:18:18.063172;9759.0;W;resistance;;normal;;0;0;0
2017-04-29 19:18:18.563173;9759.0;W;resistance;;normal;;0;0;0
2017-04-29 19:18:19.063139;9759.0;W;resistance;;normal;;0;0;0
2017-04-29 19:18:19.563151;9759.0;W;resistance;;normal;;0;0;0
2017-04-29 19:18:20.063230;9759.0;W;resistance;;normal;;0;0;0
2017-04-29 19:18:20.563173;9759.0;W;resistance;;normal;;0;0;0
2017-04-29 19:18:21.063183;9759.0;W;resistance;;normal;;0;0;0
2017-04-29 19:18:21.563194;9759.0;W;resistance;;normal;;0;0;0
2017-04-29 19:18:22.063148;9759.0;W;resistance;;normal;;0;0;0
2017-04-29 19:18:22.563158;9759.0;W;resistance;;normal;;0;0;0
2017-04-29 19:18:23.063236;9759.0;W;resistance;;normal;;0;0;0
2017-04-29 19:18:23.563167;9759.0;W;resistance;;normal;;0;0;0
2017-04-29 19:18:24.063245;9759.0;W;resistance;;normal;;0;0;0
2017-04-29 19:18:24.563304;9759.0;W;resistance;;normal;;0;0;0
2017-04-29 19:18:25.063273;9759.0;W;resistance;;normal;;0;0;0
2017-04-29 19:18:25.563327;9759.0;W;resistance;;normal;;0;0;0
2017-04-29 19:18:26.063356;9759.0;W;resistance;;normal;;0;0;0
2017-04-29 19:18:26.563282;9760.0;W;resistance;;normal;;0;0;0
2017-04-29 19:18:27.063306;9759.0;W;resistance;;normal;;0;0;0
2017-04-29 19:18:27.563319;9759.0;W;resistance;;normal;;0;0;0
2017-04-29 19:18:28.063351;9759.0;W;resistance;;normal;;0;0;0
2017-04-29 19:18:28.563369;9759.0;W;resistance;;normal;;0;0;0
2017-04-29 19:18:29.063424;9760.0;W;resistance;;normal;;0;0;0
2017-04-29 19:18:29.563402;9760.0;W;resistance;;normal;;0;0;0
2017-04-29 19:18:30.063339;9760.0;W;resistance;;normal;;0;0;0
2017-04-29 19:18:30.563422;9760.0;W;resistance;;normal;;0;0;0
2017-04-29 19:18:31.063435;9759.0;W;resistance;;normal;;0;0;0
2017-04-29 19:18:31.563391;9760.0;W;resistance;;normal;;0;0;0
2017-04-29 19:18:32.063465;9759.0;W;resistance;;normal;;0;0;0
2017-04-29 19:18:32.563463;9760.0;W;resistance;;normal;;0;0;0
2017-04-29 19:18:33.063474;9760.0;W;resistance;;normal;;0;0;0
2017-04-29 19:18:33.563492;9760.0;W;resistance;;normal;;0;0;0
2017-04-29 19:18:34.063520;9760.0;W;resistance;;normal;;0;0;0
2017-04-29 19:18:34.563510;9760.0;W;resistance;;normal;;0;0;0
2017-04-29 19:18:35.063498;9759.0;W;resistance;;normal;;0;0;0
2017-04-29 19:18:35.563545;9760.0;W;resistance;;normal;;0;0;0
2017-04-29 19:18:36.063680;9759.0;W;resistance;;normal;;0;0;0
2017-04-29 19:18:36.563565;9760.0;W;resistance;;normal;;0;0;0
2017-04-29 19:18:37.063695;9759.0;W;resistance;;normal;;0;0;0
2017-04-29 19:18:37.563707;9760.0;W;resistance;;normal;;0;0;0
2017-04-29 19:18:38.063704;9760.0;W;resistance;;normal;;0;0;0
2017-04-29 19:18:38.563733;9759.0;W;resistance;;normal;;0;0;0
2017-04-29 19:18:39.063724;9759.0;W;resistance;;normal;;0;0;0
2017-04-29 19:18:39.563740;9760.0;W;resistance;;normal;;0;0;0
2017-04-29 19:18:40.063710;9760.0;W;resistance;;normal;;0;0;0
2017-04-29 19:18:40.563758;9759.0;W;resistance;;normal;;0;0;0
2017-04-29 19:18:41.063607;9759.0;W;resistance;;normal;;0;0;0
2017-04-29 19:18:41.563707;9760.0;W;resistance;;normal;;0;0;0
2017-04-29 19:18:42.063781;9759.0;W;resistance;;normal;;0;0;0
2017-04-29 19:18:42.563676;9760.0;W;resistance;;normal;;0;0;0
2017-04-29 19:18:43.063808;9760.0;W;resistance;;normal;;0;0;0
2017-04-29 19:18:43.563750;9760.0;W;resistance;;normal;;0;0;0
2017-04-29 19:18:44.063756;9760.0;W;resistance;;normal;;0;0;0
2017-04-29 19:18:44.563850;9760.0;W;resistance;;normal;;0;0;0
2017-04-29 19:18:45.063746;9760.0;W;resistance;;normal;;0;0;0
2017-04-29 19:18:45.563793;9760.0;W;resistance;;normal;;0;0;0
2017-04-29 19:18:46.063804;9760.0;W;resistance;;normal;;0;0;0
2017-04-29 19:18:46.563812;9760.0;W;resistance;;normal;;0;0;0
2017-04-29 19:18:47.063887;9760.0;W;resistance;;normal;;0;0;0
2017-04-29 19:18:47.563778;9760.0;W;resistance;;normal;;0;0;0
2017-04-29 19:18:48.063856;9760.0;W;resistance;;normal;;0;0;0
2017-04-29 19:18:48.563798;9760.0;W;resistance;;normal;;0;0;0
2017-04-29 19:18:49.063810;9760.0;W;resistance;;normal;;0;0;0
2017-04-29 19:18:49.563817;9760.0;W;resistance;;normal;;0;0;0
2017-04-29 19:18:50.063899;9760.0;W;resistance;;normal;;0;0;0
2017-04-29 19:18:50.563891;9759.0;W;resistance;;normal;;0;0;0
2017-04-29 19:18:51.064099;9760.0;W;resistance;;normal;;0;0;0
2017-04-29 19:18:51.563910;9760.0;W;resistance;;normal;;0;0;0
2017-04-29 19:18:52.063921;9760.0;W;resistance;;normal;;0;0;0
2017-04-29 19:18:52.563982;9760.0;W;resistance;;normal;;0;0;0
2017-04-29 19:18:53.064049;9760.0;W;resistance;;normal;;0;0;0
2017-04-29 19:18:53.563976;9760.0;W;resistance;;normal;;0;0;0
2017-04-29 19:18:54.063916;9760.0;W;resistance;;normal;;0;0;0
2017-04-29 19:18:54.564049;9760.0;W;resistance;;normal;;0;0;0
2017-04-29 19:18:55.063967;9760.0;W;resistance;;normal;;0;0;0
2017-04-29 19:18:55.564027;9760.0;W;resistance;;normal;;0;0;0
2017-04-29 19:18:56.064091;9760.0;W;resistance;;normal;;0;0;0
2017-04-29 19:18:56.564074;9760.0;W;resistance;;normal;;0;0;0
2017-04-29 19:18:57.064091;9759.0;W;resistance;;normal;;0;0;0
2017-04-29 19:18:57.564101;9760.0;W;resistance;;normal;;0;0;0
2017-04-29 19:18:58.064113;9759.0;W;resistance;;normal;;0;0;0
2017-04-29 19:18:58.564138;9759.0;W;resistance;;normal;;0;0;0
2017-04-29 19:18:59.064137;9759.0;W;resistance;;normal;;0;0;0
2017-04-29 19:18:59.564161;9759.0;W;resistance;;normal;;0;0;0
2017-04-29 19:19:00.064169;9760.0;W;resistance;;normal;;0;0;0
2017-04-29 19:19:00.564191;9760.0;W;resistance;;normal;;0;0;0
2017-04-29 19:19:01.064194;9759.0;W;resistance;;normal;;0;0;0
2017-04-29 19:19:01.564198;9759.0;W;resistance;;normal;;0;0;0
2017-04-29 19:19:02.064325;9759.0;W;resistance;;normal;;0;0;0
2017-04-29 19:19:02.564173;9759.0;W;resistance;;normal;;0;0;0
2017-04-29 19:19:03.064359;9759.0;W;resistance;;normal;;0;0;0
2017-04-29 19:19:03.564285;9759.0;W;resistance;;normal;;0;0;0
2017-04-29 19:19:04.064292;9759.0;W;resistance;;normal;;0;0;0
2017-04-29 19:19:04.564374;9759.0;W;resistance;;normal;;0;0;0
2017-04-29 19:19:05.064385;9759.0;W;resistance;;normal;;0;0;0
2017-04-29 19:19:05.564396;9759.0;W;resistance;;normal;;0;0;0
2017-04-29 19:19:06.064402;9760.0;W;resistance;;normal;;0;0;0
2017-04-29 19:19:06.564416;9759.0;W;resistance;;normal;;0;0;0
2017-04-29 19:19:07.064424;9759.0;W;resistance;;normal;;0;0;0
2017-04-29 19:19:07.564368;9759.0;W;resistance;;normal;;0;0;0
2017-04-29 19:19:08.064442;9759.0;W;resistance;;normal;;0;0;0
2017-04-29 19:19:08.564453;9760.0;W;resistance;;normal;;0;0;0
2017-04-29 19:19:09.064474;9759.0;W;resistance;;normal;;0;0;0
2017-04-29 19:19:09.564404;9759.0;W;resistance;;normal;;0;0;0
2017-04-29 19:19:10.064480;9759.0;W;resistance;;normal;;0;0;0
2017-04-29 19:19:10.564496;9759.0;W;resistance;;normal;;0;0;0
2017-04-29 19:19:11.064503;9759.0;W;resistance;;normal;;0;0;0
2017-04-29 19:19:11.564515;9760.0;W;resistance;;normal;;0;0;0
2017-04-29 19:19:12.064451;9759.0;W;resistance;;normal;;0;0;0
2017-04-29 19:19:12.564532;9759.0;W;resistance;;normal;;0;0;0
2017-04-29 19:19:13.064474;9760.0;W;resistance;;normal;;0;0;0
2017-04-29 19:19:13.564483;9760.0;W;resistance;;normal;;0;0;0
2017-04-29 19:19:14.064426;9759.0;W;resistance;;normal;;0;0;0
2017-04-29 19:19:14.564507;9760.0;W;resistance;;normal;;0;0;0
2017-04-29 19:19:15.064515;9760.0;W;resistance;;normal;;0;0;0
2017-04-29 19:19:15.564525;9760.0;W;resistance;;normal;;0;0;0
2017-04-29 19:19:16.064551;9760.0;W;resistance;;normal;;0;0;0
2017-04-29 19:19:16.564574;9760.0;W;resistance;;normal;;0;0;0
2017-04-29 19:19:17.064574;9760.0;W;resistance;;normal;;0;0;0
2017-04-29 19:19:17.564632;9760.0;W;resistance;;normal;;0;0;0
2017-04-29 19:19:18.064643;9760.0;W;resistance;;normal;;0;0;0
2017-04-29 19:19:18.564621;9760.0;W;resistance;;normal;;0;0;0
2017-04-29 19:19:19.064637;9760.0;W;resistance;;normal;;0;0;0
2017-04-29 19:19:19.564577;9760.0;W;resistance;;normal;;0;0;0
2017-04-29 19:19:20.064639;9760.0;W;resistance;;normal;;0;0;0
2017-04-29 19:19:20.564638;9760.0;W;resistance;;normal;;0;0;0
2017-04-29 19:19:21.064647;9760.0;W;resistance;;normal;;0;0;0
2017-04-29 19:19:21.564720;9760.0;W;resistance;;normal;;0;0;0
2017-04-29 19:19:22.064742;9760.0;W;resistance;;normal;;0;0;0
2017-04-29 19:19:22.564694;9760.0;W;resistance;;normal;;0;0;0
2017-04-29 19:19:23.064686;9760.0;W;resistance;;normal;;0;0;0
2017-04-29 19:19:23.564693;9759.0;W;resistance;;normal;;0;0;0
2017-04-29 19:19:24.064719;9760.0;W;resistance;;normal;;0;0;0
2017-04-29 19:19:24.564631;9760.0;W;resistance;;normal;;0;0;0
2017-04-29 19:19:25.064703;9760.0;W;resistance;;normal;;0;0;0
2017-04-29 19:19:25.564745;9760.0;W;resistance;;normal;;0;0;0
2017-04-29 19:19:26.064740;9760.0;W;resistance;;normal;;0;0;0
2017-04-29 19:19:26.564774;9760.0;W;resistance;;normal;;0;0;0
2017-04-29 19:19:27.064782;9760.0;W;resistance;;normal;;0;0;0
2017-04-29 19:19:27.564805;9759.0;W;resistance;;normal;;0;0;0
2017-04-29 19:19:28.064910;9760.0;W;resistance;;normal;;0;0;0
2017-04-29 19:19:28.564899;9760.0;W;resistance;;normal;;0;0;0
2017-04-29 19:19:29.064874;9760.0;W;resistance;;normal;;0;0;0
2017-04-29 19:19:29.564908;9760.0;W;resistance;;normal;;0;0;0
2017-04-29 19:19:30.064918;9760.0;W;resistance;;normal;;0;0;0
2017-04-29 19:19:30.564931;9760.0;W;resistance;;normal;;0;0;0
2017-04-29 19:19:31.065026;9760.0;W;resistance;;normal;;0;0;0
2017-04-29 19:19:31.564992;9760.0;W;resistance;;normal;;0;0;0
2017-04-29 19:19:32.064957;9760.0;W;resistance;;normal;;0;0;0
2017-04-29 19:19:32.564989;9760.0;W;resistance;;normal;;0;0;0
2017-04-29 19:19:33.064970;9760.0;W;resistance;;normal;;0;0;0
2017-04-29 19:19:33.564938;9760.0;W;resistance;;normal;;0;0;0
2017-04-29 19:19:34.065031;9760.0;W;resistance;;normal;;0;0;0
2017-04-29 19:19:34.565101;9760.0;W;resistance;;normal;;0;0;0
2017-04-29 19:19:35.065113;9760.0;W;resistance;;normal;;0;0;0
2017-04-29 19:19:35.565007;9760.0;W;resistance;;normal;;0;0;0
2017-04-29 19:19:36.065025;9760.0;W;resistance;;normal;;0;0;0
2017-04-29 19:19:36.565158;9760.0;W;resistance;;normal;;0;0;0
2017-04-29 19:19:37.065104;9760.0;W;resistance;;normal;;0;0;0
2017-04-29 19:19:37.565095;9760.0;W;resistance;;normal;;0;0;0
2017-04-29 19:19:38.065121;9760.0;W;resistance;;normal;;0;0;0
2017-04-29 19:19:38.565184;9760.0;W;resistance;;normal;;0;0;0
2017-04-29 19:19:39.065145;9760.0;W;resistance;;normal;;0;0;0
2017-04-29 19:19:39.565091;9760.0;W;resistance;;normal;;0;0;0
2017-04-29 19:19:40.065167;9760.0;W;resistance;;normal;;0;0;0
2017-04-29 19:19:40.565223;9760.0;W;resistance;;normal;;0;0;0
2017-04-29 19:19:41.065118;9760.0;W;resistance;;normal;;0;0;0
2017-04-29 19:19:41.565128;9760.0;W;resistance;;normal;;0;0;0
2017-04-29 19:19:42.065253;9760.0;W;resistance;;normal;;0;0;0
2017-04-29 19:19:42.565191;9760.0;W;resistance;;normal;;0;0;0
2017-04-29 19:19:43.065198;9760.0;W;resistance;;normal;;0;0;0
2017-04-29 19:19:43.565166;9760.0;W;resistance;;normal;;0;0;0
2017-04-29 19:19:44.065301;9760.0;W;resistance;;normal;;0;0;0
2017-04-29 19:19:44.565192;9760.0;W;resistance;;normal;;0;0;0
2017-04-29 19:19:45.065325;9760.0;W;resistance;;normal;;0;0;0
2017-04-29 19:19:45.565333;9760.0;W;resistance;;normal;;0;0;0
2017-04-29 19:19:46.065351;9760.0;W;resistance;;normal;;0;0;0
2017-04-29 19:19:46.565363;9760.0;W;resistance;;normal;;0;0;0
2017-04-29 19:19:47.065318;9760.0;W;resistance;;normal;;0;0;0
2017-04-29 19:19:47.565243;9760.0;W;resistance;;normal;;0;0;0
2017-04-29 19:19:48.065301;9760.0;W;resistance;;normal;;0;0;0
2017-04-29 19:19:48.565332;9760.0;W;resistance;;normal;;0;0;0
2017-04-29 19:19:49.065341;9760.0;W;resistance;;normal;;0;0;0
2017-04-29 19:19:49.565325;9760.0;W;resistance;;normal;;0;0;0
2017-04-29 19:19:50.065345;9760.0;W;resistance;;normal;;0;0;0
2017-04-29 19:19:50.565427;9760.0;W;resistance;;normal;;0;0;0
2017-04-29 19:19:51.065437;9760.0;W;resistance;;normal;;0;0;0
2017-04-29 19:19:51.565449;9760.0;W;resistance;;normal;;0;0;0
2017-04-29 19:19:52.065432;9760.0;W;resistance;;normal;;0;0;0
2017-04-29 19:19:52.565406;9760.0;W;resistance;;normal;;0;0;0
2017-04-29 19:19:53.065533;9760.0;W;resistance;;normal;;0;0;0
2017-04-29 19:19:53.565546;9760.0;W;resistance;;normal;;0;0;0
2017-04-29 19:19:54.065550;9760.0;W;resistance;;normal;;0;0;0
2017-04-29 19:19:54.565576;9760.0;W;resistance;;normal;;0;0;0
2017-04-29 19:19:55.065575;9760.0;W;resistance;;normal;;0;0;0
2017-04-29 19:19:55.565672;9760.0;W;resistance;;normal;;0;0;0
2017-04-29 19:19:56.065674;9760.0;W;resistance;;normal;;0;0;0
2017-04-29 19:19:56.565686;9760.0;W;resistance;;normal;;0;0;0
2017-04-29 19:19:57.065683;9760.0;W;resistance;;normal;;0;0;0
2017-04-29 19:19:57.565644;9760.0;W;resistance;;normal;;0;0;0
2017-04-29 19:19:58.065712;9760.0;W;resistance;;normal;;0;0;0
2017-04-29 19:19:58.565725;9760.0;W;resistance;;normal;;0;0;0
2017-04-29 19:19:59.065688;9760.0;W;resistance;;normal;;0;0;0
2017-04-29 19:19:59.565735;9760.0;W;resistance;;normal;;0;0;0
2017-04-29 19:20:00.065690;9760.0;W;resistance;;normal;;0;0;0
2017-04-29 19:20:00.565702;9760.0;W;resistance;;normal;;0;0;0
2017-04-29 19:20:01.065766;9760.0;W;resistance;;normal;;0;0;0
2017-04-29 19:20:01.565774;9760.0;W;resistance;;normal;;0;0;0
2017-04-29 19:20:02.065780;9760.0;W;resistance;;normal;;0;0;0
2017-04-29 19:20:02.565797;9760.0;W;resistance;;normal;;0;0;0
2017-04-29 19:20:03.065806;9760.0;W;resistance;;normal;;0;0;0
2017-04-29 19:20:03.565768;9760.0;W;resistance;;normal;;0;0;0
2017-04-29 19:20:04.065796;9760.0;W;resistance;;normal;;0;0;0
2017-04-29 19:20:04.565784;9760.0;W;resistance;;normal;;0;0;0
2017-04-29 19:20:05.065794;9760.0;W;resistance;;normal;;0;0;0
2017-04-29 19:20:05.565827;9760.0;W;resistance;;normal;;0;0;0
2017-04-29 19:20:06.065817;9760.0;W;resistance;;normal;;0;0;0
2017-04-29 19:20:06.565877;9760.0;W;resistance;;normal;;0;0;0
2017-04-29 19:20:07.065852;9760.0;W;resistance;;normal;;0;0;0
2017-04-29 19:20:07.565899;9760.0;W;resistance;;normal;;0;0;0
2017-04-29 19:20:08.065859;9760.0;W;resistance;;normal;;0;0;0
2017-04-29 19:20:08.565882;9760.0;W;resistance;;normal;;0;0;0
2017-04-29 19:20:09.065931;9760.0;W;resistance;;normal;;0;0;0
2017-04-29 19:20:09.565872;9760.0;W;resistance;;normal;;0;0;0
2017-04-29 19:20:10.065880;9760.0;W;resistance;;normal;;0;0;0
2017-04-29 19:20:10.565914;9760.0;W;resistance;;normal;;0;0;0
2017-04-29 19:20:11.065933;9760.0;W;resistance;;normal;;0;0;0
2017-04-29 19:20:11.565946;9760.0;W;resistance;;normal;;0;0;0
2017-04-29 19:20:12.066002;9760.0;W;resistance;;normal;;0;0;0
2017-04-29 19:20:12.566006;9760.0;W;resistance;;normal;;0;0;0
2017-04-29 19:20:13.066002;9760.0;W;resistance;;normal;;0;0;0
2017-04-29 19:20:13.566017;9760.0;W;resistance;;normal;;0;0;0
2017-04-29 19:20:14.066021;9760.0;W;resistance;;normal;;0;0;0
2017-04-29 19:20:14.566040;9760.0;W;resistance;;normal;;0;0;0
2017-04-29 19:20:15.066052;9760.0;W;resistance;;normal;;0;0;0
2017-04-29 19:20:15.566062;9760.0;W;resistance;;normal;;0;0;0
2017-04-29 19:20:16.066076;9760.0;W;resistance;;normal;;0;0;0
2017-04-29 19:20:16.566085;9760.0;W;resistance;;normal;;0;0;0
2017-04-29 19:20:17.066104;9760.0;W;resistance;;normal;;0;0;0
2017-04-29 19:20:17.565979;9760.0;W;resistance;;normal;;0;0;0
2017-04-29 19:20:18.066163;9760.0;W;resistance;;normal;;0;0;0
2017-04-29 19:20:18.566247;9760.0;W;resistance;;normal;;0;0;0
2017-04-29 19:20:19.066257;9760.0;W;resistance;;normal;;0;0;0
2017-04-29 19:20:19.566268;9760.0;W;resistance;;normal;;0;0;0
2017-04-29 19:20:20.066291;9760.0;W;resistance;;normal;;0;0;0
2017-04-29 19:20:20.566286;9760.0;W;resistance;;normal;;0;0;0
2017-04-29 19:20:21.066309;9760.0;W;resistance;;normal;;0;0;0
2017-04-29 19:20:21.566308;9760.0;W;resistance;;normal;;0;0;0
2017-04-29 19:20:22.066318;9760.0;W;resistance;;normal;;0;0;0
2017-04-29 19:20:22.566342;9760.0;W;resistance;;normal;;0;0;0
2017-04-29 19:20:23.066337;9760.0;W;resistance;;normal;;0;0;0
2017-04-29 19:20:23.566363;9760.0;W;resistance;;normal;;0;0;0
2017-04-29 19:20:24.066361;9760.0;W;resistance;;normal;;0;0;0
2017-04-29 19:20:24.566370;9760.0;W;resistance;;normal;;0;0;0
2017-04-29 19:20:25.066381;9761.0;W;resistance;;normal;;0;0;0
2017-04-29 19:20:25.566270;9761.0;W;resistance;;normal;;0;0;0
2017-04-29 19:20:26.066281;9760.0;W;resistance;;normal;;0;0;0
2017-04-29 19:20:26.566298;9760.0;W;resistance;;normal;;0;0;0
2017-04-29 19:20:27.066299;9760.0;W;resistance;;normal;;0;0;0
2017-04-29 19:20:27.566313;9760.0;W;resistance;;normal;;0;0;0
2017-04-29 19:20:28.066318;9760.0;W;resistance;;normal;;0;0;0
2017-04-29 19:20:28.566331;9760.0;W;resistance;;normal;;0;0;0
2017-04-29 19:20:29.066342;9760.0;W;resistance;;normal;;0;0;0
2017-04-29 19:20:29.566401;9760.0;W;resistance;;normal;;0;0;0
2017-04-29 19:20:30.066364;9760.0;W;resistance;;normal;;0;0;0
2017-04-29 19:20:30.566384;9760.0;W;resistance;;normal;;0;0;0
2017-04-29 19:20:31.066431;9760.0;W;resistance;;normal;;0;0;0
2017-04-29 19:20:31.566445;9760.0;W;resistance;;normal;;0;0;0
2017-04-29 19:20:32.066401;9760.0;W;resistance;;normal;;0;0;0
2017-04-29 19:20:32.566456;9760.0;W;resistance;;normal;;0;0;0
2017-04-29 19:20:33.066503;9760.0;W;resistance;;normal;;0;0;0
2017-04-29 19:20:33.566553;9760.0;W;resistance;;normal;;0;0;0
2017-04-29 19:20:34.066542;9760.0;W;resistance;;normal;;0;0;0
2017-04-29 19:20:34.566511;9760.0;W;resistance;;normal;;0;0;0
2017-04-29 19:20:35.066487;9760.0;W;resistance;;normal;;0;0;0
2017-04-29 19:20:35.566510;9760.0;W;resistance;;normal;;0;0;0
2017-04-29 19:20:36.066576;9760.0;W;resistance;;normal;;0;0;0
2017-04-29 19:20:36.566522;9760.0;W;resistance;;normal;;0;0;0
2017-04-29 19:20:37.066607;9760.0;W;resistance;;normal;;0;0;0
2017-04-29 19:20:37.566593;9760.0;W;resistance;;normal;;0;0;0
2017-04-29 19:20:38.066549;9760.0;W;resistance;;normal;;0;0;0
2017-04-29 19:20:38.566528;9760.0;W;resistance;;normal;;0;0;0
2017-04-29 19:20:39.066556;9760.0;W;resistance;;normal;;0;0;0
2017-04-29 19:20:39.566552;9760.0;W;resistance;;normal;;0;0;0
2017-04-29 19:20:40.066677;9760.0;W;resistance;;normal;;0;0;0
2017-04-29 19:20:40.566656;9760.0;W;resistance;;normal;;0;0;0
2017-04-29 19:20:41.066576;9760.0;W;resistance;;normal;;0;0;0
2017-04-29 19:20:41.566602;9760.0;W;resistance;;normal;;0;0;0
2017-04-29 19:20:42.066557;9760.0;W;resistance;;normal;;0;0;0
2017-04-29 19:20:42.566747;9760.0;W;resistance;;normal;;0;0;0
2017-04-29 19:20:43.066766;9760.0;W;resistance;;normal;;0;0;0
2017-04-29 19:20:43.566763;9760.0;W;resistance;;normal;;0;0;0
2017-04-29 19:20:44.066767;9760.0;W;resistance;;normal;;0;0;0
2017-04-29 19:20:44.566778;9760.0;W;resistance;;normal;;0;0;0
2017-04-29 19:20:45.066792;9760.0;W;resistance;;normal;;0;0;0
2017-04-29 19:20:45.566849;9760.0;W;resistance;;normal;;0;0;0
2017-04-29 19:20:46.066883;9760.0;W;resistance;;normal;;0;0;0
2017-04-29 19:20:46.566867;9760.0;W;resistance;;normal;;0;0;0
2017-04-29 19:20:47.066966;9760.0;W;resistance;;normal;;0;0;0
2017-04-29 19:20:47.566961;9760.0;W;resistance;;normal;;0;0;0
2017-04-29 19:20:48.066974;9761.0;W;resistance;;normal;;0;0;0
2017-04-29 19:20:48.566993;9761.0;W;resistance;;normal;;0;0;0
2017-04-29 19:20:49.066867;9760.0;W;resistance;;normal;;0;0;0
2017-04-29 19:20:49.566878;9760.0;W;resistance;;normal;;0;0;0
2017-04-29 19:20:50.067007;9760.0;W;resistance;;normal;;0;0;0
2017-04-29 19:20:50.566924;9760.0;W;resistance;;normal;;0;0;0
2017-04-29 19:20:51.067034;9760.0;W;resistance;;normal;;0;0;0
2017-04-29 19:20:51.566930;9760.0;W;resistance;;normal;;0;0;0
2017-04-29 19:20:52.067013;9760.0;W;resistance;;normal;;0;0;0
2017-04-29 19:20:52.566936;9760.0;W;resistance;;normal;;0;0;0
2017-04-29 19:20:53.066955;9760.0;W;resistance;;normal;;0;0;0
2017-04-29 19:20:53.567057;9760.0;W;resistance;;normal;;0;0;0
2017-04-29 19:20:54.067057;9760.0;W;resistance;;normal;;0;0;0
2017-04-29 19:20:54.566976;9760.0;W;resistance;;normal;;0;0;0
2017-04-29 19:20:55.067079;9760.0;W;resistance;;normal;;0;0;0
2017-04-29 19:20:55.567087;9760.0;W;resistance;;normal;;0;0;0
2017-04-29 19:20:56.067016;9760.0;W;resistance;;normal;;0;0;0
2017-04-29 19:20:56.567043;9760.0;W;resistance;;normal;;0;0;0
2017-04-29 19:20:57.067117;9760.0;W;resistance;;normal;;0;0;0
2017-04-29 19:20:57.567126;9760.0;W;resistance;;normal;;0;0;0
2017-04-29 19:20:58.067054;9760.0;W;resistance;;normal;;0;0;0
2017-04-29 19:20:58.567068;9760.0;W;resistance;;normal;;0;0;0
2017-04-29 19:20:59.067081;9760.0;W;resistance;;normal;;0;0;0
2017-04-29 19:20:59.567173;9760.0;W;resistance;;normal;;0;0;0
2017-04-29 19:21:00.067093;9760.0;W;resistance;;normal;;0;0;0
2017-04-29 19:21:00.567203;9760.0;W;resistance;;normal;;0;0;0
2017-04-29 19:21:01.067202;9761.0;W;resistance;;normal;;0;0;0
2017-04-29 19:21:01.567155;9761.0;W;resistance;;normal;;0;0;0
2017-04-29 19:21:02.067138;9761.0;W;resistance;;normal;;0;0;0
2017-04-29 19:21:02.567224;9761.0;W;resistance;;normal;;0;0;0
2017-04-29 19:21:03.067151;9761.0;W;resistance;;normal;;0;0;0
2017-04-29 19:21:03.567162;9761.0;W;resistance;;normal;;0;0;0
2017-04-29 19:21:04.067167;9761.0;W;resistance;;normal;;0;0;0
2017-04-29 19:21:04.567183;9761.0;W;resistance;;normal;;0;0;0
2017-04-29 19:21:05.067223;9761.0;W;resistance;;normal;;0;0;0
2017-04-29 19:21:05.567212;9761.0;W;resistance;;normal;;0;0;0
2017-04-29 19:21:06.067216;9761.0;W;resistance;;normal;;0;0;0
2017-04-29 19:21:06.567229;9761.0;W;resistance;;normal;;0;0;0
2017-04-29 19:21:07.067361;9761.0;W;resistance;;normal;;0;0;0
2017-04-29 19:21:07.567381;9761.0;W;resistance;;normal;;0;0;0
2017-04-29 19:21:08.067380;9761.0;W;resistance;;normal;;0;0;0
2017-04-29 19:21:08.567401;9761.0;W;resistance;;normal;;0;0;0
2017-04-29 19:21:09.067408;9760.0;W;resistance;;normal;;0;0;0
2017-04-29 19:21:09.567412;9760.0;W;resistance;;normal;;0;0;0
2017-04-29 19:21:10.067500;9760.0;W;resistance;;normal;;0;0;0
2017-04-29 19:21:10.567502;9760.0;W;resistance;;normal;;0;0;0
2017-04-29 19:21:11.067526;9761.0;W;resistance;;normal;;0;0;0
2017-04-29 19:21:11.567536;9761.0;W;resistance;;normal;;0;0;0
2017-04-29 19:21:12.067426;9761.0;W;resistance;;normal;;0;0;0
2017-04-29 19:21:12.567568;9761.0;W;resistance;;normal;;0;0;0
2017-04-29 19:21:13.067581;9761.0;W;resistance;;normal;;0;0;0
2017-04-29 19:21:13.567506;9761.0;W;resistance;;normal;;0;0;0
2017-04-29 19:21:14.067599;9760.0;W;resistance;;normal;;0;0;0
2017-04-29 19:21:14.567524;9760.0;W;resistance;;normal;;0;0;0
2017-04-29 19:21:15.067619;9760.0;W;resistance;;normal;;0;0;0
2017-04-29 19:21:15.567632;9760.0;W;resistance;;normal;;0;0;0
2017-04-29 19:21:16.067639;9760.0;W;resistance;;normal;;0;0;0
2017-04-29 19:21:16.567634;9760.0;W;resistance;;normal;;0;0;0
2017-04-29 19:21:17.067685;9760.0;W;resistance;;normal;;0;0;0
2017-04-29 19:21:17.567642;9760.0;W;resistance;;normal;;0;0;0
2017-04-29 19:21:18.067590;9760.0;W;resistance;;normal;;0;0;0
2017-04-29 19:21:18.567716;9760.0;W;resistance;;normal;;0;0;0
2017-04-29 19:21:19.067660;9760.0;W;resistance;;normal;;0;0;0
2017-04-29 19:21:19.567632;9760.0;W;resistance;;normal;;0;0;0
2017-04-29 19:21:20.067628;9760.0;W;resistance;;normal;;0;0;0
2017-04-29 19:21:20.567607;9760.0;W;resistance;;normal;;0;0;0
2017-04-29 19:21:21.067702;9760.0;W;resistance;;normal;;0;0;0
2017-04-29 19:21:21.567726;9760.0;W;resistance;;normal;;0;0;0
2017-04-29 19:21:22.067801;9761.0;W;resistance;;normal;;0;0;0
2017-04-29 19:21:22.567800;9761.0;W;resistance;;normal;;0;0;0
2017-04-29 19:21:23.067815;9761.0;W;resistance;;normal;;0;0;0
2017-04-29 19:21:23.567834;9761.0;W;resistance;;normal;;0;0;0
2017-04-29 19:21:24.067834;9760.0;W;resistance;;normal;;0;0;0
2017-04-29 19:21:24.568004;9760.0;W;resistance;;normal;;0;0;0
2017-04-29 19:21:25.067855;9761.0;W;resistance;;normal;;0;0;0
2017-04-29 19:21:25.567915;9761.0;W;resistance;;normal;;0;0;0
2017-04-29 19:21:26.067985;9760.0;W;resistance;;normal;;0;0;0
2017-04-29 19:21:26.567995;9760.0;W;resistance;;normal;;0;0;0
2017-04-29 19:21:27.068031;9760.0;W;resistance;;normal;;0;0;0
2017-04-29 19:21:27.567998;9760.0;W;resistance;;normal;;0;0;0
2017-04-29 19:21:28.068010;9760.0;W;resistance;;normal;;0;0;0
2017-04-29 19:21:28.568067;9760.0;W;resistance;;normal;;0;0;0
2017-04-29 19:21:29.067990;9760.0;W;resistance;;normal;;0;0;0
2017-04-29 19:21:29.567952;9760.0;W;resistance;;normal;;0;0;0
2017-04-29 19:21:30.068048;9760.0;W;resistance;;normal;;0;0;0
2017-04-29 19:21:30.568099;9760.0;W;resistance;;normal;;0;0;0
2017-04-29 19:21:31.068099;9760.0;W;resistance;;normal;;0;0;0
2017-04-29 19:21:31.568111;9760.0;W;resistance;;normal;;0;0;0
2017-04-29 19:21:32.068111;9760.0;W;resistance;;normal;;0;0;0
2017-04-29 19:21:32.568083;9760.0;W;resistance;;normal;;0;0;0
2017-04-29 19:21:33.068145;9760.0;W;resistance;;normal;;0;0;0
2017-04-29 19:21:33.568083;9760.0;W;resistance;;normal;;0;0;0
2017-04-29 19:21:34.068113;9761.0;W;resistance;;normal;;0;0;0
2017-04-29 19:21:34.568125;9761.0;W;resistance;;normal;;0;0;0
2017-04-29 19:21:35.068181;9760.0;W;resistance;;normal;;0;0;0
2017-04-29 19:21:35.568205;9760.0;W;resistance;;normal;;0;0;0
2017-04-29 19:21:36.068137;9761.0;W;resistance;;normal;;0;0;0
2017-04-29 19:21:36.568213;9761.0;W;resistance;;normal;;0;0;0
2017-04-29 19:21:37.068222;9760.0;W;resistance;;normal;;0;0;0
2017-04-29 19:21:37.568183;9760.0;W;resistance;;normal;;0;0;0
2017-04-29 19:21:38.068193;9760.0;W;resistance;;normal;;0;0;0
2017-04-29 19:21:38.568269;9760.0;W;resistance;;normal;;0;0;0
2017-04-29 19:21:39.068265;9760.0;W;resistance;;normal;;0;0;0
2017-04-29 19:21:39.568273;9760.0;W;resistance;;normal;;0;0;0
2017-04-29 19:21:40.068284;9760.0;W;resistance;;normal;;0;0;0
2017-04-29 19:21:40.568291;9760.0;W;resistance;;normal;;0;0;0
2017-04-29 19:21:41.068255;9760.0;W;resistance;;normal;;0;0;0
2017-04-29 19:21:41.568280;9760.0;W;resistance;;normal;;0;0;0
2017-04-29 19:21:42.068273;9760.0;W;resistance;;normal;;0;0;0
2017-04-29 19:21:42.568298;9760.0;W;resistance;;normal;;0;0;0
2017-04-29 19:21:43.068239;9760.0;W;resistance;;normal;;0;0;0
2017-04-29 19:21:43.568304;9760.0;W;resistance;;normal;;0;0;0
2017-04-29 19:21:44.068380;9760.0;W;resistance;;normal;;0;0;0
2017-04-29 19:21:44.568263;9760.0;W;resistance;;normal;;0;0;0
2017-04-29 19:21:45.068382;9760.0;W;resistance;;normal;;0;0;0
2017-04-29 19:21:45.568397;9760.0;W;resistance;;normal;;0;0;0
2017-04-29 19:21:46.068354;9760.0;W;resistance;;normal;;0;0;0
2017-04-29 19:21:46.568366;9760.0;W;resistance;;normal;;0;0;0
2017-04-29 19:21:47.068425;9760.0;W;resistance;;normal;;0;0;0
2017-04-29 19:21:47.568395;9760.0;W;resistance;;normal;;0;0;0
2017-04-29 19:21:48.068444;9760.0;W;resistance;;normal;;0;0;0
2017-04-29 19:21:48.568476;9760.0;W;resistance;;normal;;0;0;0
2017-04-29 19:21:49.068440;9760.0;W;resistance;;normal;;0;0;0
2017-04-29 19:21:49.568536;9760.0;W;resistance;;normal;;0;0;0
2017-04-29 19:21:50.068494;9761.0;W;resistance;;normal;;0;0;0
2017-04-29 19:21:50.568502;9761.0;W;resistance;;normal;;0;0;0
2017-04-29 19:21:51.068443;9760.0;W;resistance;;normal;;0;0;0
2017-04-29 19:21:51.568453;9760.0;W;resistance;;normal;;0;0;0
2017-04-29 19:21:52.068529;9760.0;W;resistance;;normal;;0;0;0
2017-04-29 19:21:52.568535;9760.0;W;resistance;;normal;;0;0;0
2017-04-29 19:21:53.068544;9760.0;W;resistance;;normal;;0;0;0
2017-04-29 19:21:53.568553;9760.0;W;resistance;;normal;;0;0;0
2017-04-29 19:21:54.068575;9760.0;W;resistance;;normal;;0;0;0
2017-04-29 19:21:54.568583;9760.0;W;resistance;;normal;;0;0;0
2017-04-29 19:21:55.068591;9760.0;W;resistance;;normal;;0;0;0
2017-04-29 19:21:55.568617;9760.0;W;resistance;;normal;;0;0;0
2017-04-29 19:21:56.068571;9760.0;W;resistance;;normal;;0;0;0
2017-04-29 19:21:56.568632;9760.0;W;resistance;;normal;;0;0;0
2017-04-29 19:21:57.068595;9760.0;W;resistance;;normal;;0;0;0
2017-04-29 19:21:57.568776;9760.0;W;resistance;;normal;;0;0;0
2017-04-29 19:21:58.068775;9761.0;W;resistance;;normal;;0;0;0
2017-04-29 19:21:58.568781;9761.0;W;resistance;;normal;;0;0;0
2017-04-29 19:21:59.068792;9761.0;W;resistance;;normal;;0;0;0
2017-04-29 19:21:59.568801;9761.0;W;resistance;;normal;;0;0;0
2017-04-29 19:22:00.068739;9760.0;W;resistance;;normal;;0;0;0
2017-04-29 19:22:00.568823;9760.0;W;resistance;;normal;;0;0;0
2017-04-29 19:22:01.068830;9760.0;W;resistance;;normal;;0;0;0
2017-04-29 19:22:01.568862;9760.0;W;resistance;;normal;;0;0;0
2017-04-29 19:22:02.068802;9760.0;W;resistance;;normal;;0;0;0
2017-04-29 19:22:02.568812;9760.0;W;resistance;;normal;;0;0;0
2017-04-29 19:22:03.068810;9761.0;W;resistance;;normal;;0;0;0
2017-04-29 19:22:03.568819;9761.0;W;resistance;;normal;;0;0;0
2017-04-29 19:22:04.068843;9760.0;W;resistance;;normal;;0;0;0
2017-04-29 19:22:04.568837;9760.0;W;resistance;;normal;;0;0;0
2017-04-29 19:22:05.068844;9761.0;W;resistance;;normal;;0;0;0
2017-04-29 19:22:05.568874;9761.0;W;resistance;;normal;;0;0;0
2017-04-29 19:22:06.068862;9760.0;W;resistance;;normal;;0;0;0
2017-04-29 19:22:06.568949;9760.0;W;resistance;;normal;;0;0;0
2017-04-29 19:22:07.068867;9760.0;W;resistance;;normal;;0;0;0
2017-04-29 19:22:07.568911;9760.0;W;resistance;;normal;;0;0;0
2017-04-29 19:22:08.068856;9760.0;W;resistance;;normal;;0;0;0
2017-04-29 19:22:08.568864;9760.0;W;resistance;;normal;;0;0;0
2017-04-29 19:22:09.068876;9760.0;W;resistance;;normal;;0;0;0
2017-04-29 19:22:09.568976;9760.0;W;resistance;;normal;;0;0;0
2017-04-29 19:22:10.068963;9760.0;W;resistance;;normal;;0;0;0
2017-04-29 19:22:10.568978;9760.0;W;resistance;;normal;;0;0;0
2017-04-29 19:22:11.068918;9760.0;W;resistance;;normal;;0;0;0
2017-04-29 19:22:11.568995;9760.0;W;resistance;;normal;;0;0;0
2017-04-29 19:22:12.068942;9760.0;W;resistance;;normal;;0;0;0
2017-04-29 19:22:12.568953;9760.0;W;resistance;;normal;;0;0;0
2017-04-29 19:22:13.068960;9760.0;W;resistance;;normal;;0;0;0
2017-04-29 19:22:13.569114;9760.0;W;resistance;;normal;;0;0;0
2017-04-29 19:22:14.069051;9760.0;W;resistance;;normal;;0;0;0
2017-04-29 19:22:14.569001;9760.0;W;resistance;;normal;;0;0;0
2017-04-29 19:22:15.069013;9760.0;W;resistance;;normal;;0;0;0
2017-04-29 19:22:15.569073;9760.0;W;resistance;;normal;;0;0;0
2017-04-29 19:22:16.069080;9760.0;W;resistance;;normal;;0;0;0
2017-04-29 19:22:16.569107;9760.0;W;resistance;;normal;;0;0;0
2017-04-29 19:22:17.069031;9760.0;W;resistance;;normal;;0;0;0
2017-04-29 19:22:17.569070;9760.0;W;resistance;;normal;;0;0;0
2017-04-29 19:22:18.069178;9760.0;W;resistance;;normal;;0;0;0
2017-04-29 19:22:18.569190;9760.0;W;resistance;;normal;;0;0;0
2017-04-29 19:22:19.069199;9760.0;W;resistance;;normal;;0;0;0
2017-04-29 19:22:19.569239;9760.0;W;resistance;;normal;;0;0;0
2017-04-29 19:22:20.069249;9760.0;W;resistance;;normal;;0;0;0
2017-04-29 19:22:20.569126;9760.0;W;resistance;;normal;;0;0;0
2017-04-29 19:22:21.069252;9760.0;W;resistance;;normal;;0;0;0
2017-04-29 19:22:21.569268;9760.0;W;resistance;;normal;;0;0;0
2017-04-29 19:22:22.069317;9760.0;W;resistance;;normal;;0;0;0
2017-04-29 19:22:22.569392;9760.0;W;resistance;;normal;;0;0;0
2017-04-29 19:22:23.069350;9760.0;W;resistance;;normal;;0;0;0
2017-04-29 19:22:23.569348;9760.0;W;resistance;;normal;;0;0;0
2017-04-29 19:22:24.069426;9760.0;W;resistance;;normal;;0;0;0
2017-04-29 19:22:24.569384;9760.0;W;resistance;;normal;;0;0;0
2017-04-29 19:22:25.069392;9760.0;W;resistance;;normal;;0;0;0
2017-04-29 19:22:25.569349;9760.0;W;resistance;;normal;;0;0;0
2017-04-29 19:22:26.069485;9760.0;W;resistance;;normal;;0;0;0
2017-04-29 19:22:26.569379;9760.0;W;resistance;;normal;;0;0;0
2017-04-29 19:22:27.069388;9760.0;W;resistance;;normal;;0;0;0
2017-04-29 19:22:27.569442;9760.0;W;resistance;;normal;;0;0;0
2017-04-29 19:22:28.069518;9760.0;W;resistance;;normal;;0;0;0
2017-04-29 19:22:28.569456;9760.0;W;resistance;;normal;;0;0;0
2017-04-29 19:22:29.069523;9760.0;W;resistance;;normal;;0;0;0
2017-04-29 19:22:29.569536;9760.0;W;resistance;;normal;;0;0;0
2017-04-29 19:22:30.069477;9760.0;W;resistance;;normal;;0;0;0
2017-04-29 19:22:30.569487;9760.0;W;resistance;;normal;;0;0;0
2017-04-29 19:22:31.069509;9760.0;W;resistance;;normal;;0;0;0
2017-04-29 19:22:31.569578;9760.0;W;resistance;;normal;;0;0;0
2017-04-29 19:22:32.069533;9760.0;W;resistance;;normal;;0;0;0
2017-04-29 19:22:32.569542;9760.0;W;resistance;;normal;;0;0;0
2017-04-29 19:22:33.069612;9760.0;W;resistance;;normal;;0;0;0
2017-04-29 19:22:33.569499;9760.0;W;resistance;;normal;;0;0;0
2017-04-29 19:22:34.069514;9760.0;W;resistance;;normal;;0;0;0
2017-04-29 19:22:34.569638;9760.0;W;resistance;;normal;;0;0;0
2017-04-29 19:22:35.069647;9760.0;W;resistance;;normal;;0;0;0
2017-04-29 19:22:35.569591;9760.0;W;resistance;;normal;;0;0;0
2017-04-29 19:22:36.069618;9760.0;W;resistance;;normal;;0;0;0
2017-04-29 19:22:36.569698;9760.0;W;resistance;;normal;;0;0;0
2017-04-29 19:22:37.069638;9760.0;W;resistance;;normal;;0;0;0
2017-04-29 19:22:37.569654;9760.0;W;resistance;;normal;;0;0;0
2017-04-29 19:22:38.069667;9761.0;W;resistance;;normal;;0;0;0
2017-04-29 19:22:38.569623;9761.0;W;resistance;;normal;;0;0;0
2017-04-29 19:22:39.069746;9761.0;W;resistance;;normal;;0;0;0
2017-04-29 19:22:39.569658;9761.0;W;resistance;;normal;;0;0;0
2017-04-29 19:22:40.069706;9761.0;W;resistance;;normal;;0;0;0
2017-04-29 19:22:40.569771;9761.0;W;resistance;;normal;;0;0;0
2017-04-29 19:22:41.092292;9760.0;W;resistance;;normal;;0;0;0
2017-04-29 19:22:41.569786;9760.0;W;resistance;;normal;;0;0;0
2017-04-29 19:22:42.069713;9760.0;W;resistance;;normal;;0;0;0
2017-04-29 19:22:42.569805;9760.0;W;resistance;;normal;;0;0;0
2017-04-29 19:22:43.069815;9760.0;W;resistance;;normal;;0;0;0
2017-04-29 19:22:43.569823;9760.0;W;resistance;;normal;;0;0;0
2017-04-29 19:22:44.069831;9760.0;W;resistance;;normal;;0;0;0
2017-04-29 19:22:44.569871;9760.0;W;resistance;;normal;;0;0;0
2017-04-29 19:22:45.069809;9760.0;W;resistance;;normal;;0;0;0
